INSERT INTO customer(customer_id, customer_name, customer_address, customer_phonenumber, customer_email)
VALUES (1, "Jongkyoung Han","seoul gwangin-gu achasan-ro", "010-4127-2473", "doraemon9800@gmail.com"),
(2, "Jimin Park", "seoul seongbuk-gu samseongyo-ro", "010-4391-4351", "9157537@naver.com"),
(3,"Adrian", "CA torrance", "100-4151-2422", "adrian1212@gmail.com"),
(4,"Benjamin", "CA sanfrancisco", "110-1241-1433", "Obiwan124@gmail.com"),
(5,"Catherin", "CA malibu", "110-2342-1242", "catcat124@gmail.com"),
(6,"Derick", "CA compton", "112-1241-6766", "OG9498@gmail.com"),
(7,"Ethan", "NY soho", "124-3439-9334", "MI12994@gmail.com"),
(8,"Fredrick", "NY harlem", "102-7894-4523", "perry14@gmail.com"),
(9,"George","FL floridacity","112-3349-8975","georgejungle@gmail.com"),
(10,"Henry", "OH oklahoma city", "112-5446-7785", "oxhenry120@gmail.com");


INSERT INTO location(location_id, pickup_location, delivery_location)
VALUES (1, "seoul gwangin-gu achasan-ro", "seoul seongbuk-gu samseongyo-ro"),
(2,"seoul seongbuk-gu samseongyo-ro", "seoul gwangin-gu achasan-ro"),
(3,"CA torrance", "seoul gwangin-gu achasan-ro"),
(4,"CA sanfrancisco", "seoul seongbuk-gu samseongyo-ro"),
(5,"CA malibu", "seoul gwangin-gu achasan-ro"),
(6,"CA compton", "CA malibu"),
(7,"NY soho", "CA sanfrancisco"),
(8,"NY harlem", "NY soho"),
(9,"FL floridacity","CA compton"),
(10,"OH oklahoma city", "FL floridacity");

INSERT INTO package(package_id, package_type, package_value, package_content, location_id)
VALUES (1,"envelope", 0, "NORMAL",1),
(2,"small box", 0, "HAZARDOUS", 2),
(3, "large box", 10000, "NORMAL", 3),
(4,"small box", 5000, "NORMAL", 4),
(5,"envelope", 14000, "HAZARDOUS", 5),
(6,"large box", 0, "HAZARDOUS", 6),
(7,"small box", 0, "NORMAL", 7),
(8,"small box", 0, "NORMAL", 8),
(9,"large box", 0, "NORMAL", 9),
(10, "envelope", 0, "NORMAL", 10),
(11, "small box", 0, "NORMAL", 1),
(12, "small box", 0, "NORMAL", 2);

INSERT INTO service(service_id, timeliness, cost, weight, distance, delivery_method )
VALUES (1, 0, 100, 30, 1000, "INLAND"),
(2, 1, 50, 30, 1000, "INLAND"),
(3, 2, 35, 30, 1000, "INLAND"),
(4, 2, 250, 50, 10000, "BORDER"),
(5, 3, 180, 50, 10000, "BORDER"),
(6, 4, 100, 300, 10000, "BORDER"),
(7, 7, 70, 300, 10000, "BORDER"),
(8, 1, 150, 100, 1000, "INLAND"),
(9, 2, 120, 100, 1000, "INLAND"),
(10, 0, 180, 100, 1000, "INLAND");

INSERT INTO payment(payment_id, payment_type, customer_id)
VALUES (1, "ACCOUNT", 1),
(3,"CARD", 2),
(4, "CARD", 3),
(5, "ACCOUNT", 4),
(7, "ACCOUNT", 5),
(9, "ACCOUNT", 6),
(10, "CARD", 7),
(11, "CARD", 8),
(13, "CARD", 9),
(14, "ACCOUNT", 10);

INSERT INTO account_payment(account_number, payment_id)
VALUES ("110-381-411722", 1),
("110-441-497820", 5),
("3333-09-2342898", 7),
("3333-08-112312", 9),
("99-9991-9939", 14);


INSERT INTO card_payment(card_number, payment_id)
VALUES ("2345-2345-2345-2345", 3),
("3456-3456-3456-3456", 4),
("4321-4321-4321-4312", 10),
("5423-5432-5423-5423", 11),
("6543-6543-6543-6543", 13);




INSERT INTO shipment(shipment_id, customer_id, package_id, service_id, shipment_year)
VALUES (1, 1, 1, 1, 2019),
(2, 2, 2, 1, 2020),
(3, 3, 3, 4, 2020),
(4, 4, 4, 4, 2020),
(5, 5, 5, 5, 2020),
(6, 6, 6, 2, 2021),
(7, 7, 7, 9, 2021),
(8, 8, 8, 3, 2021),
(9, 9, 9, 6, 2022),
(10, 10, 10, 7, 2022 ),
(11, 1, 11, 3, 2022),
(12, 2, 12, 8, 2023);


INSERT INTO timeline(package_id, register_time, departure_time, arrival_time)
VALUES (1, '2019-01-01 10:00:00', '2019-01-01 12:00:00', '2019-01-02 21:00:00'),
(2, '2020-01-02 10:00:00', '2020-01-02 11:00:00', '2020-01-02 19:00:00'),
(3, '2020-01-02 11:00:00', '2020-01-02 13:00:00', '2020-01-03 20:00:00'),
(4, '2020-01-02 10:00:00', '2020-01-02 13:00:00', '2020-01-04 11:00:00'),
(5, '2020-01-02 10:00:00', '2020-01-02 13:00:00', '2020-01-03 20:00:00'),
(6, '2021-01-02 10:00:00', '2021-01-02 12:00:00', '2021-01-04 12:00:00'),
(7, '2021-01-02 10:00:00', '2021-01-02 12:00:00', '2021-01-04 15:00:00'),
(8, '2021-01-02 10:00:00', '2021-01-02 12:00:00', '2021-01-03 15:00:00'),
(9, '2022-01-02 10:00:00', '2022-01-02 11:00:00', '2022-01-02 19:00:00'),
(10, '2022-01-02 10:00:00', '2022-01-02 11:00:00', '2022-01-02 19:00:00'),
(11, '2022-01-02 10:00:00', '2022-01-02 11:00:00', '2022-01-02 19:00:00'),
(12, '2023-01-02 10:00:00', '2023-01-02 11:00:00', null);

INSERT INTO current_delivery(current_delivery_id, shipment_id, current_location, current_t, heading_location)
VALUES (1,1,"seoul gwangin-gu achasan-ro", "2019-01-01 10:00:00", "seoul hub"),
(2,1,"seoul hub", '2019-01-01 12:00:00', null),
(3,1,"seoul hub", '2019-01-02 08:00:00', "seoul seongbuk-gu samseongyo-ro"),
(4,1, "seoul seongbuk-gu samseongyo-ro", '2019-01-02 21:00:00', null),
(5,2, "seoul seongbuk-gu samseongyo-ro", '2020-01-02 10:00:00', "seoul hub"),
(6,2, "seoul hub", '2020-01-02 11:00:00', null),
(7,2, "seoul hub", '2020-01-02 13:00:00', "seoul gwangin-gu achasan-ro"),
(8,2, "seoul gwangin-gu achasan-ro", '2020-01-02 19:00:00', null),
(9,3, "CA torrance", '2020-01-02 11:00:00', "CA hub"),
(10,3, "CA hub", '2020-01-02 13:00:00', "seoul hub"),
(11,3, "seoul hub", '2020-01-03 15:00:00', null),
(12,3, "seoul hub", '2020-01-03 17:00:00', "seoul gwangin-gu achasan-ro"),
(13,3, "seoul gwangin-gu achasan-ro", '2020-01-03 20:00:00', null),
(14,4, "CA sanfrancisco", '2020-01-02 10:00:00', "CA hub"),
(15,4, "CA hub", '2020-01-02 13:00:00', "seoul hub"),
(16,4, "seoul hub", '2020-01-03 15:00:00', null),
(17,4, "seoul hub", '2020-01-03 17:00:00', "seoul gwangin-gu achasan-ro"),
(18,4, "seoul gwangin-gu achasan-ro", '2020-01-03 20:30:00', null),
(19,4, "seoul gwangin-gu achasan-ro", '2020-01-03 21:00:00', "seoul hub"),
(20,4, "seoul hub", '2020-01-04 10:00:00', "seoul seongbuk-gu samseongyo-ro"),
(21,4, "seoul seongbuk-gu samseongyo-ro", '2020-01-04 11:00:00', null),
(22,5, "CA malibu", '2020-01-02 11:00:00', "CA hub"),
(23,5, "CA hub", '2020-01-02 13:00:00', "seoul hub"),
(24,5, "seoul hub", '2020-01-03 15:00:00', null),
(25,5, "seoul hub", '2020-01-03 17:00:00', "seoul gwangin-gu achasan-ro"),
(26,5, "seoul gwangin-gu achasan-ro", '2020-01-03 20:00:00', null),
(27,6, "CA compton", '2021-01-02 10:00:00', "CA hub"),
(28,6, "CA hub", '2021-01-02 12:00:00', null),
(29,6, "CA hub", '2021-01-04 08:00:00', "CA malibu"),
(30,6, "CA malibu", '2021-01-04 12:00:00', null),
(31,7, "NY soho", '2021-01-02 10:00:00', "NY hub"),
(32,7, "NY hub", '2021-01-02 12:00:00', null),
(33,7, "NY hub", '2021-01-03 08:00:00', "CA hub"),
(34,7, "CA hub", '2021-01-04 05:00:00', null),
(35,7, "CA hub", '2021-01-04 08:00:00', "CA sanfrancisco"),
(36,7, "CA sanfrancisco", '2021-01-04 15:00:00', null),
(37,8, "NY harlem", '2021-01-02 10:00:00', "NY hub"),
(38,8, "NY hub", '2021-01-02 12:00:00', null),
(39,8, "NY hub", '2021-01-03 08:00:00', "NY soho"),
(40,8, "NY soho", '2021-01-03 15:00:00', null),
(41,9, "FL floridacity", '2022-01-02 10:00:00', "FL hub"),
(42,9, "FL hub", '2022-01-02 14:00:00', null),
(43,9, "FL hub", '2022-01-04 06:00:00', 'CA hub'),
(44,9, "CA hub", '2022-01-06 15:00:00', null),
(45,9, "CA hub", '2022-01-06 16:00:00', "CA compton"),
(46,9, "CA compton", '2022-01-06 23:00:00', null),
(47,10, "OH oklahoma city", '2022-01-02 10:00:00', "OH hub"),
(48,10, "OH hub", '2022-01-02 19:00:00', null),
(49,10, "OH hub", '2022-01-05 05:00:00', "FL hub"),
(50,10, "FL hub", '2022-01-07 01:00:00', null),
(51,10, "FL hub", '2022-01-08 07:00:00', "FL floridacity"),
(52,10, "FL floridacity", '2022-01-08 14:00:00', null),
(53,11, "seoul gwangin-gu achasan-ro", "2023-01-01 10:00:00", "seoul hub"),
(54,11, "seoul hub", '2023-01-01 12:00:00', null),
(55,11, "seoul hub", '2023-01-04 08:00:00', "seoul seongbuk-gu samseongyo-ro"),
(56,11, "seoul seongbuk-gu samseongyo-ro", '2023-01-04 19:00:00', null),
(57,12, "seoul seongbuk-gu samseongyo-ro", '2023-06-05 10:00:00', "seoul hub"),
(58,12, "seoul hub", '2023-06-05 15:00:00', null);

INSERT INTO delivery_method(vehicle_id, vehicle_type)
VALUES ('AAA1111', 'TRUCK'),
('BBB2222', 'TRUCK'),
('CCC3333', 'TRUCK'),
('DDD4444', 'TRUCK'),
('EEE5555', 'TRUCK'),
('FFF6666', 'TRUCK'),
('GGG7777', 'TRUCK'),
('HHH8888', 'TRUCK'),
('JJJ9999', 'TRUCK'),
('A111-111', 'AIRCRAFT'),
('B222-222', 'AIRCRAFT'),
('123456', 'CARGOSHIP'),
('234567','CARGOSHIP'),
('345678', 'CARGOSHIP'),
('456789', 'CARGOSHIP');

INSERT INTO delivery(current_delivery_id, delivery_status, vehicle_id)
VALUES (3, "DEPARTURED", "AAA1111"),
(4, "DELIVERD", "AAA1111"),
(7, "DEPARTURED", "BBB2222"),
(8, "DELIVERD", "BBB2222"),
(9, "DEPARTURED", "CCC3333"),
(10,"DEPARTURED", "A111-111"),
(11, "ARRIVED", "A111-111"),
(13, "DELIVERD", 'AAA1111'),
(14, "DEPARTURED", 'DDD4444'),
(15, "DEPARTURED", "A111-111"),
(16, "ARRIVED", "A111-111"),
(17, "DEPARTURED", "AAA1111"),
(18, "CRASH", "AAA1111"),
(19, "RETURN", "BBB2222"),
(21, "DELIVERD", "BBB2222"),
(22,"DEPARTURED", "FFF6666"),
(23, "DEPARTURED", "A111-111"),
(24, "ARRIVED", "A111-111"),
(26, "DELIVERD", "AAA1111"),
(29, "DEPARTURED", "GGG7777"),
(30, "DELIVERED","GGG7777"),
(33, "DEPARTURED", "HHH8888"),
(34, "ARRIVED", "HHH8888"),
(35, "DEPARTURED", "GGG7777"),
(36, "DELIVERED", "GGG7777"),
(39, "DEPARTURED", "JJJ9999"),
(40, "DELIVERED", "JJJ9999"),
(43, "DEPARTURED", '123456'),
(44, "ARRIVED", '123456'),
(45, "DEPARTURED","CCC3333"),
(46, "DELIVERED", 'CCC3333'),
(49, "DEPARTURED", '234567'),
(50, "ARRIVED", '234567'),
(51, "DEPARTURED", "EEE5555"),
(52, "DELIVERED", "EEE5555"),
(55, "DEPARTURED", "AAA1111"),
(56, "DELIVERED", "AAA1111"),
(58, "ARRIVED", "BBB2222");



